"Domain","Base Domain","URL","Agency","Sources","Participates in DAP?"
"2020census.gov","2020census.gov","https://2020census.gov","Department of Commerce","dotgov","No"
"9-11commission.gov","9-11commission.gov","https://9-11commission.gov","National Archives and Records Administration","dotgov","No"
"911.gov","911.gov","https://www.911.gov","Department of Transportation","dotgov","No"
"911commission.gov","911commission.gov","https://911commission.gov","National Archives and Records Administration","dotgov","No"
"abandonedmines.gov","abandonedmines.gov","https://abandonedmines.gov","Department of the Interior","dotgov","No"
"abilityone.gov","abilityone.gov","https://abilityone.gov","United States AbilityOne","dotgov","No"
"abmc.gov","abmc.gov","http://www.abmc.gov","American Battle Monuments Commission","dotgov","Yes"
"access-board.gov","access-board.gov","https://www.access-board.gov","United States Access Board","dotgov","Yes"
"achp.gov","achp.gov","https://www.achp.gov","Advisory Council on Historic Preservation","dotgov","No"
"acl.gov","acl.gov","https://acl.gov","Department of Health and Human Services","dotgov","No"
"acquisition.gov","acquisition.gov","https://www.acquisition.gov","General Services Administration","dotgov","Yes"
"acus.gov","acus.gov","https://www.acus.gov","Administrative Conference of the United States","dotgov","No"
"acwi.gov","acwi.gov","https://acwi.gov","Department of the Interior","dotgov","Yes"
"ada.gov","ada.gov","https://www.ada.gov","Department of Justice","dotgov","Yes"
"adlnet.gov","adlnet.gov","https://adlnet.gov","Department of Defense","dotgov","Yes"
"adr.gov","adr.gov","https://www.adr.gov","Federal Mediation and Conciliation Service","dotgov","Yes"
"afadvantage.gov","afadvantage.gov","https://afadvantage.gov","General Services Administration","dotgov","Yes"
"aff.gov","aff.gov","http://www.aff.gov","U.S. Department of Agriculture","dotgov","Yes"
"afrh.gov","afrh.gov","https://www.afrh.gov","Armed Forces Retirement Home","dotgov","No"
"agingstats.gov","agingstats.gov","https://agingstats.gov","Department of Health and Human Services","dotgov","No"
"ahrq.gov","ahrq.gov","https://www.ahrq.gov","Department of Health and Human Services","dotgov","Yes"
"airnow.gov","airnow.gov","https://www.airnow.gov","Environmental Protection Agency","dotgov","Yes"
"alaskacenters.gov","alaskacenters.gov","https://www.alaskacenters.gov","Department of the Interior","dotgov","Yes"
"alzheimers.gov","alzheimers.gov","https://www.alzheimers.gov","Department of Health and Human Services","dotgov","Yes"
"americathebeautifulquarters.gov","americathebeautifulquarters.gov","https://americathebeautifulquarters.gov","Department of the Treasury","dotgov","Yes"
"ameslab.gov","ameslab.gov","https://www.ameslab.gov","Department of Energy","dotgov","No"
"amtrakoig.gov","amtrakoig.gov","https://amtrakoig.gov","AMTRAK","dotgov","No"
"anchorit.gov","anchorit.gov","https://anchorit.gov","Consumer Product Safety Commission","dotgov","No"
"anl.gov","anl.gov","https://www.anl.gov","Department of Energy","dotgov","Yes"
"anstaskforce.gov","anstaskforce.gov","https://anstaskforce.gov","Department of the Interior","dotgov","No"
"apprenticeship.gov","apprenticeship.gov","https://www.apprenticeship.gov","Department of Labor","dotgov","Yes"
"arc.gov","arc.gov","https://www.arc.gov","Appalachian Regional Commission","dotgov","No"
"archives.gov","archives.gov","https://www.archives.gov","National Archives and Records Administration","dotgov","Yes"
"arctic.gov","arctic.gov","https://arctic.gov","National Science Foundation","dotgov","Yes"
"arm.gov","arm.gov","https://arm.gov","Department of Energy","dotgov","No"
"ars-grin.gov","ars-grin.gov","https://www.ars-grin.gov","U.S. Department of Agriculture","dotgov","No"
"arts.gov","arts.gov","https://www.arts.gov","National Endowment for the Arts","dotgov","Yes"
"asap.gov","asap.gov","https://asap.gov","Department of the Treasury","dotgov","No"
"asc.gov","asc.gov","https://www.asc.gov","Appraisal Subcommittee","dotgov","No"
"atf.gov","atf.gov","https://www.atf.gov","Department of Justice","dotgov","Yes"
"atfonline.gov","atfonline.gov","https://www.atfonline.gov","Department of Justice","dotgov","No"
"aviationweather.gov","aviationweather.gov","https://aviationweather.gov","Department of Commerce","dotgov","Yes"
"ayudaconmibanco.gov","ayudaconmibanco.gov","https://ayudaconmibanco.gov","Department of the Treasury","dotgov","Yes"
"bankanswers.gov","bankanswers.gov","https://bankanswers.gov","Department of the Treasury","dotgov","Yes"
"bankcustomer.gov","bankcustomer.gov","https://bankcustomer.gov","Department of the Treasury","dotgov","Yes"
"bankcustomerassistance.gov","bankcustomerassistance.gov","https://bankcustomerassistance.gov","Department of the Treasury","dotgov","Yes"
"bankhelp.gov","bankhelp.gov","https://bankhelp.gov","Department of the Treasury","dotgov","Yes"
"banknet.gov","banknet.gov","https://www.banknet.gov","Department of the Treasury","dotgov","Yes"
"bats.gov","bats.gov","https://www.bats.gov","Department of Justice","dotgov","No"
"bbg.gov","bbg.gov","https://www.bbg.gov","Broadcasting Board of Governors","dotgov","Yes"
"bea.gov","bea.gov","https://www.bea.gov","Department of Commerce","dotgov","Yes"
"benefits.gov","benefits.gov","https://www.benefits.gov","Department of Labor","dotgov","Yes"
"bep.gov","bep.gov","http://bep.gov","Department of the Treasury","dotgov","Yes"
"bia.gov","bia.gov","https://www.bia.gov","Department of the Interior","dotgov","Yes"
"biomassboard.gov","biomassboard.gov","http://biomassboard.gov","Department of Energy","dotgov","Yes"
"biopreferred.gov","biopreferred.gov","https://www.biopreferred.gov","U.S. Department of Agriculture","dotgov","No"
"bjs.gov","bjs.gov","https://bjs.gov","Department of Justice","dotgov","Yes"
"blm.gov","blm.gov","https://www.blm.gov","Department of the Interior","dotgov","No"
"bls.gov","bls.gov","https://www.bls.gov","Department of Labor","dotgov","Yes"
"bnl.gov","bnl.gov","https://www.bnl.gov","Department of Energy","dotgov","No"
"boem.gov","boem.gov","https://www.boem.gov","Department of the Interior","dotgov","No"
"bondpro.gov","bondpro.gov","https://bondpro.gov","Department of the Treasury","dotgov","Yes"
"bop.gov","bop.gov","https://www.bop.gov","Department of Justice","dotgov","Yes"
"bosque.gov","bosque.gov","https://bosque.gov","U.S. Department of Agriculture","dotgov","Yes"
"bpa.gov","bpa.gov","https://www.bpa.gov","Department of Energy","dotgov","No"
"bsee.gov","bsee.gov","https://www.bsee.gov","Department of the Interior","dotgov","Yes"
"bts.gov","bts.gov","https://www.bts.gov","Department of Transportation","dotgov","Yes"
"businessdefense.gov","businessdefense.gov","https://www.businessdefense.gov","Department of Defense","dotgov","Yes"
"buyaccessible.gov","buyaccessible.gov","https://buyaccessible.gov","General Services Administration","dotgov","Yes"
"buyusa.gov","buyusa.gov","https://www.buyusa.gov","Department of Commerce","dotgov","Yes"
"campusdrugprevention.gov","campusdrugprevention.gov","https://www.campusdrugprevention.gov","Department of Justice","dotgov","Yes"
"cancer.gov","cancer.gov","https://www.cancer.gov","Department of Health and Human Services","dotgov","Yes"
"cao.gov","cao.gov","https://www.cao.gov","General Services Administration","dotgov","Yes"
"capnhq.gov","capnhq.gov","https://capnhq.gov","Civil Air Patrol","dotgov","No"
"casl.gov","casl.gov","https://casl.gov","Department of Energy","dotgov","No"
"cbca.gov","cbca.gov","https://cbca.gov","General Services Administration","dotgov","No"
"cbp.gov","cbp.gov","https://www.cbp.gov","Department of Homeland Security","dotgov","Yes"
"ccac.gov","ccac.gov","https://www.ccac.gov","Department of the Treasury","dotgov","Yes"
"cdc.gov","cdc.gov","https://www.cdc.gov","Department of Health and Human Services","dotgov","Yes"
"cdcpartners.gov","cdcpartners.gov","http://www.cdcpartners.gov","Department of Health and Human Services","dotgov","No"
"cdfifund.gov","cdfifund.gov","https://www.cdfifund.gov","Department of the Treasury","dotgov","No"
"cendi.gov","cendi.gov","https://cendi.gov","Department of Energy","dotgov","No"
"census.gov","census.gov","https://www.census.gov","Department of Commerce","dotgov","Yes"
"cep.gov","cep.gov","https://cep.gov","Department of Commerce","dotgov","No"
"cfa.gov","cfa.gov","https://cfa.gov","U.S. Commission of Fine Arts","dotgov","No"
"cfda.gov","cfda.gov","https://www.cfda.gov","General Services Administration","dotgov","No"
"cfo.gov","cfo.gov","https://cfo.gov","General Services Administration","dotgov","Yes"
"cftc.gov","cftc.gov","https://cftc.gov","Commodity Futures Trading Commission","dotgov","Yes"
"challenge.gov","challenge.gov","https://www.challenge.gov","General Services Administration","dotgov","Yes"
"chcoc.gov","chcoc.gov","https://chcoc.gov","Office of Personnel Management","dotgov","Yes"
"childcare.gov","childcare.gov","http://childcare.gov","Department of Health and Human Services","dotgov","Yes"
"childstats.gov","childstats.gov","https://www.childstats.gov","Department of Education","dotgov","Yes"
"childwelfare.gov","childwelfare.gov","https://www.childwelfare.gov","Department of Health and Human Services","dotgov","No"
"choosemyplate.gov","choosemyplate.gov","https://www.choosemyplate.gov","U.S. Department of Agriculture","dotgov","Yes"
"cia.gov","cia.gov","https://www.cia.gov","Central Intelligence Agency","dotgov","No"
"cio.gov","cio.gov","https://www.cio.gov","General Services Administration","dotgov","Yes"
"cisa.gov","cisa.gov","https://www.cisa.gov","Department of Homeland Security","dotgov","Yes"
"citizenscience.gov","citizenscience.gov","https://www.citizenscience.gov","General Services Administration","dotgov","Yes"
"climate.gov","climate.gov","https://climate.gov","Department of Commerce","dotgov","Yes"
"clinicaltrials.gov","clinicaltrials.gov","https://clinicaltrials.gov","Department of Health and Human Services","dotgov","Yes"
"clintonlibrary.gov","clintonlibrary.gov","https://www.clintonlibrary.gov","National Archives and Records Administration","dotgov","Yes"
"cloud.gov","cloud.gov","https://cloud.gov","General Services Administration","dotgov","Yes"
"cms.gov","cms.gov","https://www.cms.gov","Department of Health and Human Services","dotgov","Yes"
"cmts.gov","cmts.gov","https://www.cmts.gov","Department of Defense","dotgov","No"
"cncsoig.gov","cncsoig.gov","http://www.cncsoig.gov","Corporation for National and Community Service, Office Of Inspector General","dotgov","No"
"cnss.gov","cnss.gov","https://www.cnss.gov","Department of Defense","dotgov","No"
"code.gov","code.gov","https://code.gov","General Services Administration","dotgov","Yes"
"collegedrinkingprevention.gov","collegedrinkingprevention.gov","https://www.collegedrinkingprevention.gov","Department of Health and Human Services","dotgov","Yes"
"commerce.gov","commerce.gov","https://www.commerce.gov","Department of Commerce","dotgov","Yes"
"complaintreferralexpress.gov","complaintreferralexpress.gov","https://www.complaintreferralexpress.gov","Department of the Treasury","dotgov","No"
"comptrollerofthecurrency.gov","comptrollerofthecurrency.gov","https://comptrollerofthecurrency.gov","Department of the Treasury","dotgov","Yes"
"computersforlearning.gov","computersforlearning.gov","https://computersforlearning.gov","General Services Administration","dotgov","Yes"
"connect.gov","connect.gov","https://connect.gov","General Services Administration","dotgov","Yes"
"consumer.gov","consumer.gov","https://www.consumer.gov","Federal Trade Commission","dotgov","Yes"
"consumerfinance.gov","consumerfinance.gov","https://www.consumerfinance.gov","Consumer Financial Protection Bureau","dotgov","Yes"
"consumerfinancialbureau.gov","consumerfinancialbureau.gov","http://consumerfinancialbureau.gov","Consumer Financial Protection Bureau","dotgov","No"
"consumersentinel.gov","consumersentinel.gov","https://consumersentinel.gov","Federal Trade Commission","dotgov","No"
"consumidor.gov","consumidor.gov","https://www.consumidor.gov","Federal Trade Commission","dotgov","Yes"
"contractdirectory.gov","contractdirectory.gov","https://contractdirectory.gov","General Services Administration","dotgov","Yes"
"coralreef.gov","coralreef.gov","https://coralreef.gov","Department of the Interior","dotgov","Yes"
"coronavirus.gov","coronavirus.gov","https://www.coronavirus.gov","Executive Office of the President","dotgov","No"
"coronavirustesting.gov","coronavirustesting.gov","https://coronavirustesting.gov","Executive Office of the President","dotgov","No"
"cpars.gov","cpars.gov","https://cpars.gov","General Services Administration","dotgov","Yes"
"cpsc.gov","cpsc.gov","https://cpsc.gov","Consumer Product Safety Commission","dotgov","Yes"
"crimesolutions.gov","crimesolutions.gov","https://crimesolutions.gov","Department of Justice","dotgov","Yes"
"crimevictims.gov","crimevictims.gov","https://crimevictims.gov","Department of Justice","dotgov","Yes"
"crisisnextdoor.gov","crisisnextdoor.gov","https://www.crisisnextdoor.gov","Executive Office of the President","dotgov","No"
"csb.gov","csb.gov","https://www.csb.gov","Chemical Safety Board","dotgov","No"
"csosa.gov","csosa.gov","https://www.csosa.gov","Court Services and Offender Supervision","dotgov","No"
"cttso.gov","cttso.gov","https://cttso.gov","Department of Defense","dotgov","Yes"
"cuidadodesalud.gov","cuidadodesalud.gov","https://www.cuidadodesalud.gov","Department of Health and Human Services","dotgov","Yes"
"cupcao.gov","cupcao.gov","https://cupcao.gov","Department of the Interior","dotgov","Yes"
"cwc.gov","cwc.gov","https://cwc.gov","Department of State","dotgov","No"
"cybercareers.gov","cybercareers.gov","https://www.cybercareers.gov","Office of Personnel Management","dotgov","No"
"data.gov","data.gov","https://www.data.gov","General Services Administration","dotgov","Yes"
"dea.gov","dea.gov","https://www.dea.gov","Department of Justice","dotgov","Yes"
"deaecom.gov","deaecom.gov","https://www.deaecom.gov","Department of Justice","dotgov","No"
"defense.gov","defense.gov","https://www.defense.gov","Department of Defense","dotgov","Yes"
"denali.gov","denali.gov","http://www.denali.gov","Denali Commission","dotgov","No"
"dfc.gov","dfc.gov","https://www.dfc.gov","United States International Development Finance Corporation","dotgov","No"
"dhs.gov","dhs.gov","https://www.dhs.gov","Department of Homeland Security","dotgov","Yes"
"dietaryguidelines.gov","dietaryguidelines.gov","https://www.dietaryguidelines.gov","U.S. Department of Agriculture","dotgov","Yes"
"digital.gov","digital.gov","https://digital.gov","General Services Administration","dotgov","Yes"
"digitaldashboard.gov","digitaldashboard.gov","https://digitaldashboard.gov","General Services Administration","dotgov","Yes"
"directoasucuenta.gov","directoasucuenta.gov","https://directoasucuenta.gov","Department of the Treasury","dotgov","No"
"disability.gov","disability.gov","https://disability.gov","Department of Labor","dotgov","No"
"disasterassistance.gov","disasterassistance.gov","https://www.disasterassistance.gov","Department of Homeland Security","dotgov","Yes"
"dnfsb.gov","dnfsb.gov","https://www.dnfsb.gov","Defense Nuclear Facilities Safety Board","dotgov","Yes"
"dni.gov","dni.gov","https://www.dni.gov","Director of National Intelligence","dotgov","Yes"
"dnsops.gov","dnsops.gov","https://dnsops.gov","Department of Commerce","dotgov","Yes"
"docline.gov","docline.gov","https://docline.gov","Department of Health and Human Services","dotgov","No"
"doi.gov","doi.gov","https://www.doi.gov","Department of the Interior","dotgov","Yes"
"doioig.gov","doioig.gov","https://www.doioig.gov","Department of the Interior","dotgov","No"
"dol.gov","dol.gov","https://www.dol.gov","Department of Labor","dotgov","Yes"
"donaciondeorganos.gov","donaciondeorganos.gov","https://donaciondeorganos.gov","Department of Health and Human Services","dotgov","Yes"
"donotcall.gov","donotcall.gov","https://donotcall.gov","Federal Trade Commission","dotgov","Yes"
"dra.gov","dra.gov","https://dra.gov","Delta Regional Authority","dotgov","No"
"drought.gov","drought.gov","https://www.drought.gov","Department of Commerce","dotgov","Yes"
"drugabuse.gov","drugabuse.gov","https://www.drugabuse.gov","Department of Health and Human Services","dotgov","Yes"
"dsac.gov","dsac.gov","https://www.dsac.gov","Department of Justice","dotgov","No"
"e-enterprise.gov","e-enterprise.gov","https://e-enterprise.gov","Environmental Protection Agency","dotgov","Yes"
"e-verify.gov","e-verify.gov","https://www.e-verify.gov","Department of Homeland Security","dotgov","Yes"
"eac.gov","eac.gov","https://www.eac.gov","Election Assistance Commission","dotgov","No"
"earmarks.gov","earmarks.gov","https://earmarks.gov","Executive Office of the President","dotgov","No"
"earthsystemprediction.gov","earthsystemprediction.gov","https://earthsystemprediction.gov","Department of Commerce","dotgov","Yes"
"economicinclusion.gov","economicinclusion.gov","https://economicinclusion.gov","Federal Deposit Insurance Corporation","dotgov","No"
"econsumer.gov","econsumer.gov","https://econsumer.gov","Federal Trade Commission","dotgov","Yes"
"ed.gov","ed.gov","https://www.ed.gov","Department of Education","dotgov","Yes"
"eda.gov","eda.gov","https://eda.gov","Department of Commerce","dotgov","Yes"
"eeoc.gov","eeoc.gov","https://www.eeoc.gov","Equal Employment Opportunity Commission","dotgov","Yes"
"eftps.gov","eftps.gov","https://www.eftps.gov","Department of the Treasury","dotgov","No"
"eia.gov","eia.gov","https://www.eia.gov","Department of Energy","dotgov","No"
"eisenhowerlibrary.gov","eisenhowerlibrary.gov","https://www.eisenhowerlibrary.gov","National Archives and Records Administration","dotgov","Yes"
"eisenhowermemorial.gov","eisenhowermemorial.gov","https://eisenhowermemorial.gov","Dwight D. Eisenhower Memorial Commission","dotgov","Yes"
"eldercare.gov","eldercare.gov","https://eldercare.gov","Department of Health and Human Services","dotgov","No"
"employeeexpress.gov","employeeexpress.gov","https://www.employeeexpress.gov","Office of Personnel Management","dotgov","No"
"employer.gov","employer.gov","https://www.employer.gov","Department of Labor","dotgov","Yes"
"empowhr.gov","empowhr.gov","https://www.empowhr.gov","U.S. Department of Agriculture","dotgov","Yes"
"ems.gov","ems.gov","https://www.ems.gov","Department of Transportation","dotgov","No"
"endingthedocumentgame.gov","endingthedocumentgame.gov","https://endingthedocumentgame.gov","Department of Health and Human Services","dotgov","No"
"energy.gov","energy.gov","https://www.energy.gov","Department of Energy","dotgov","Yes"
"energycodes.gov","energycodes.gov","https://www.energycodes.gov","Department of Energy","dotgov","No"
"energystar.gov","energystar.gov","https://www.energystar.gov","Environmental Protection Agency","dotgov","Yes"
"epa.gov","epa.gov","https://www.epa.gov","Environmental Protection Agency","dotgov","Yes"
"esc.gov","esc.gov","https://esc.gov","Department of Transportation","dotgov","No"
"esrs.gov","esrs.gov","https://www.esrs.gov","General Services Administration","dotgov","Yes"
"eta-find.gov","eta-find.gov","https://eta-find.gov","Department of the Treasury","dotgov","No"
"ethicsburg.gov","ethicsburg.gov","https://www.ethicsburg.gov","Department of the Treasury","dotgov","No"
"evergladesrestoration.gov","evergladesrestoration.gov","https://evergladesrestoration.gov","Department of the Interior","dotgov","No"
"everykidoutdoors.gov","everykidoutdoors.gov","https://everykidoutdoors.gov","Department of the Interior","dotgov","Yes"
"evus.gov","evus.gov","https://www.evus.gov","Department of Homeland Security","dotgov","Yes"
"execsec.gov","execsec.gov","https://www.execsec.gov","U.S. Department of Agriculture","dotgov","No"
"exim.gov","exim.gov","https://www.exim.gov","Export/Import Bank of the U.S.","dotgov","No"
"eyenote.gov","eyenote.gov","https://eyenote.gov","Department of the Treasury","dotgov","No"
"faa.gov","faa.gov","https://www.faa.gov","Department of Transportation","dotgov","Yes"
"faasafety.gov","faasafety.gov","https://faasafety.gov","Department of Transportation","dotgov","No"
"facadatabase.gov","facadatabase.gov","https://www.facadatabase.gov","General Services Administration","dotgov","Yes"
"fai.gov","fai.gov","https://www.fai.gov","General Services Administration","dotgov","Yes"
"fan.gov","fan.gov","https://fan.gov","Department of State","dotgov","No"
"fapiis.gov","fapiis.gov","https://www.fapiis.gov","General Services Administration","dotgov","No"
"farmers.gov","farmers.gov","https://www.farmers.gov","U.S. Department of Agriculture","dotgov","Yes"
"fatherhood.gov","fatherhood.gov","https://fatherhood.gov","Department of Health and Human Services","dotgov","No"
"fbf.gov","fbf.gov","https://fbf.gov","General Services Administration","dotgov","No"
"fbiic.gov","fbiic.gov","https://www.fbiic.gov","Federal Reserve Board of Governors","dotgov","No"
"fbijobs.gov","fbijobs.gov","https://fbijobs.gov","Department of Justice","dotgov","No"
"fca.gov","fca.gov","https://www.fca.gov","Farm Credit Administration","dotgov","No"
"fcc.gov","fcc.gov","https://www.fcc.gov","Federal Communications Commission","dotgov","No"
"fcg.gov","fcg.gov","https://www.fcg.gov","Department of the Interior","dotgov","No"
"fcsic.gov","fcsic.gov","https://www.fcsic.gov","Farm Credit Administration","dotgov","No"
"fda.gov","fda.gov","https://www.fda.gov","Department of Health and Human Services","dotgov","Yes"
"fdic.gov","fdic.gov","https://www.fdic.gov","Federal Deposit Insurance Corporation","dotgov","Yes"
"fdicconnect.gov","fdicconnect.gov","https://www.fdicconnect.gov","Federal Deposit Insurance Corporation","dotgov","No"
"fdicoig.gov","fdicoig.gov","https://www.fdicoig.gov","Federal Deposit Insurance Corporation","dotgov","Yes"
"fdicseguro.gov","fdicseguro.gov","https://www.fdicseguro.gov","Federal Deposit Insurance Corporation","dotgov","No"
"fea.gov","fea.gov","http://fea.gov","Denali Commission","dotgov","Yes"
"feb.gov","feb.gov","https://feb.gov","Office of Personnel Management","dotgov","Yes"
"fec.gov","fec.gov","https://www.fec.gov","Federal Election Commission","dotgov","Yes"
"fedcenter.gov","fedcenter.gov","https://www.fedcenter.gov","Environmental Protection Agency","dotgov","Yes"
"federalinvestments.gov","federalinvestments.gov","https://federalinvestments.gov","Department of the Treasury","dotgov","Yes"
"federaljobs.gov","federaljobs.gov","https://federaljobs.gov","Office of Personnel Management","dotgov","No"
"federalreserve.gov","federalreserve.gov","https://www.federalreserve.gov","Federal Reserve Board of Governors","dotgov","No"
"federalreserveconsumerhelp.gov","federalreserveconsumerhelp.gov","https://federalreserveconsumerhelp.gov","Federal Reserve Board of Governors","dotgov","No"
"fedidcard.gov","fedidcard.gov","https://www.fedidcard.gov","General Services Administration","dotgov","Yes"
"fedinvest.gov","fedinvest.gov","https://fedinvest.gov","Department of the Treasury","dotgov","Yes"
"fedjobs.gov","fedjobs.gov","https://fedjobs.gov","Office of Personnel Management","dotgov","No"
"fedpartnership.gov","fedpartnership.gov","https://fedpartnership.gov","Federal Reserve Board of Governors","dotgov","No"
"fedramp.gov","fedramp.gov","https://www.fedramp.gov","General Services Administration","dotgov","Yes"
"fedshirevets.gov","fedshirevets.gov","https://www.fedshirevets.gov","Office of Personnel Management","dotgov","Yes"
"feedthefuture.gov","feedthefuture.gov","https://www.feedthefuture.gov","U.S. Agency for International Development","dotgov","No"
"fema.gov","fema.gov","https://www.fema.gov","Department of Homeland Security","dotgov","Yes"
"ferc.gov","ferc.gov","https://ferc.gov","Federal Energy Regulatory Commission","dotgov","Yes"
"ffb.gov","ffb.gov","https://www.ffb.gov","Department of the Treasury","dotgov","Yes"
"ffiec.gov","ffiec.gov","https://www.ffiec.gov","Federal Reserve Board of Governors","dotgov","No"
"fgdc.gov","fgdc.gov","https://www.fgdc.gov","Department of the Interior","dotgov","No"
"fhfa.gov","fhfa.gov","https://www.fhfa.gov","Federal Housing Finance Agency","dotgov","Yes"
"fhfaoig.gov","fhfaoig.gov","https://www.fhfaoig.gov","Federal Housing Finance Agency, Office of Inspector General","dotgov","Yes"
"financialresearch.gov","financialresearch.gov","https://www.financialresearch.gov","Department of the Treasury","dotgov","Yes"
"fincen.gov","fincen.gov","https://www.fincen.gov","Department of the Treasury","dotgov","No"
"findtreatment.gov","findtreatment.gov","https://findtreatment.gov","Department of Health and Human Services","dotgov","Yes"
"firecode.gov","firecode.gov","https://www.firecode.gov","Department of the Interior","dotgov","No"
"fireleadership.gov","fireleadership.gov","https://fireleadership.gov","Department of the Interior","dotgov","No"
"firescience.gov","firescience.gov","https://www.firescience.gov","Department of the Interior","dotgov","No"
"firstnet.gov","firstnet.gov","https://firstnet.gov","Department of Commerce","dotgov","No"
"firstrespondertraining.gov","firstrespondertraining.gov","https://www.firstrespondertraining.gov","Department of Homeland Security","dotgov","No"
"fishwatch.gov","fishwatch.gov","https://www.fishwatch.gov","Department of Commerce","dotgov","Yes"
"fleta.gov","fleta.gov","https://www.fleta.gov","Department of Homeland Security","dotgov","Yes"
"fletc.gov","fletc.gov","https://www.fletc.gov","Department of Homeland Security","dotgov","Yes"
"flightschoolcandidates.gov","flightschoolcandidates.gov","https://flightschoolcandidates.gov","Department of Homeland Security","dotgov","No"
"floodsmart.gov","floodsmart.gov","https://www.floodsmart.gov","Department of Homeland Security","dotgov","Yes"
"flra.gov","flra.gov","https://www.flra.gov","Federal Labor Relations Authority","dotgov","Yes"
"fmc.gov","fmc.gov","https://www.fmc.gov","Federal Maritime Commission","dotgov","Yes"
"fmcs.gov","fmcs.gov","https://www.fmcs.gov","Federal Mediation and Conciliation Service","dotgov","No"
"fmshrc.gov","fmshrc.gov","https://fmshrc.gov","Federal Mine Safety and Health Review Commission","dotgov","No"
"fnal.gov","fnal.gov","https://fnal.gov","Department of Energy","dotgov","No"
"foia.gov","foia.gov","https://www.foia.gov","Department of Justice","dotgov","Yes"
"foiaonline.gov","foiaonline.gov","https://foiaonline.gov","Environmental Protection Agency","dotgov","No"
"foodsafety.gov","foodsafety.gov","https://www.foodsafety.gov","Department of Health and Human Services","dotgov","Yes"
"fordlibrarymuseum.gov","fordlibrarymuseum.gov","https://www.fordlibrarymuseum.gov","National Archives and Records Administration","dotgov","Yes"
"foreignassistance.gov","foreignassistance.gov","https://foreignassistance.gov","Department of State","dotgov","Yes"
"forestsandrangelands.gov","forestsandrangelands.gov","https://forestsandrangelands.gov","U.S. Department of Agriculture","dotgov","Yes"
"forfeiture.gov","forfeiture.gov","https://forfeiture.gov","Department of Justice","dotgov","Yes"
"fpc.gov","fpc.gov","https://www.fpc.gov","General Services Administration","dotgov","Yes"
"fpds.gov","fpds.gov","https://fpds.gov","General Services Administration","dotgov","Yes"
"fraho.gov","fraho.gov","https://fraho.gov","GOV Domain OPS","dotgov","No"
"frpg.gov","frpg.gov","https://www.frpg.gov","General Services Administration","dotgov","Yes"
"frtib.gov","frtib.gov","https://www.frtib.gov","Federal Retirement Thrift Investment Board","dotgov","No"
"frtr.gov","frtr.gov","https://frtr.gov","Environmental Protection Agency","dotgov","Yes"
"fsd.gov","fsd.gov","https://fsd.gov","General Services Administration","dotgov","Yes"
"fsgb.gov","fsgb.gov","https://www.fsgb.gov","Department of State","dotgov","No"
"fsrs.gov","fsrs.gov","https://www.fsrs.gov","General Services Administration","dotgov","Yes"
"ftc.gov","ftc.gov","https://www.ftc.gov","Federal Trade Commission","dotgov","Yes"
"ftccomplaintassistant.gov","ftccomplaintassistant.gov","https://ftccomplaintassistant.gov","Federal Trade Commission","dotgov","Yes"
"ftcefile.gov","ftcefile.gov","https://ftcefile.gov","Federal Trade Commission","dotgov","No"
"fueleconomy.gov","fueleconomy.gov","https://fueleconomy.gov","Department of Energy","dotgov","No"
"fvap.gov","fvap.gov","https://www.fvap.gov","Department of Defense","dotgov","Yes"
"fws.gov","fws.gov","https://fws.gov","Department of the Interior","dotgov","Yes"
"g5.gov","g5.gov","https://g5.gov","Department of Education","dotgov","Yes"
"gcmrc.gov","gcmrc.gov","https://gcmrc.gov","Department of the Interior","dotgov","Yes"
"genome.gov","genome.gov","https://www.genome.gov","Department of Health and Human Services","dotgov","No"
"geomac.gov","geomac.gov","https://geomac.gov","Department of the Interior","dotgov","No"
"geoplatform.gov","geoplatform.gov","https://www.geoplatform.gov","Department of the Interior","dotgov","No"
"getsmartaboutdrugs.gov","getsmartaboutdrugs.gov","https://www.getsmartaboutdrugs.gov","Department of Justice","dotgov","Yes"
"ginniemae.gov","ginniemae.gov","https://ginniemae.gov","Department of Housing and Urban Development","dotgov","Yes"
"girlshealth.gov","girlshealth.gov","https://www.girlshealth.gov","Department of Health and Human Services","dotgov","Yes"
"globalchange.gov","globalchange.gov","https://www.globalchange.gov","United States Global Change Research Program","dotgov","Yes"
"globe.gov","globe.gov","https://www.globe.gov","National Aeronautics and Space Administration","dotgov","No"
"godirect.gov","godirect.gov","https://godirect.gov","Department of the Treasury","dotgov","No"
"goes-r.gov","goes-r.gov","http://goes-r.gov","Department of Commerce","dotgov","Yes"
"governmentjobs.gov","governmentjobs.gov","https://governmentjobs.gov","Office of Personnel Management","dotgov","No"
"govloans.gov","govloans.gov","https://www.govloans.gov","Department of Labor","dotgov","Yes"
"govsales.gov","govsales.gov","https://www.govsales.gov","General Services Administration","dotgov","Yes"
"gps.gov","gps.gov","https://www.gps.gov","Department of Commerce","dotgov","Yes"
"grants.gov","grants.gov","https://www.grants.gov","Department of Health and Human Services","dotgov","No"
"grantsolutions.gov","grantsolutions.gov","https://grantsolutions.gov","Department of Health and Human Services","dotgov","No"
"gsa.gov","gsa.gov","https://www.gsa.gov","General Services Administration","dotgov","Yes"
"gsaadvantage.gov","gsaadvantage.gov","https://www.gsaadvantage.gov","General Services Administration","dotgov","Yes"
"gsaauctions.gov","gsaauctions.gov","https://gsaauctions.gov","General Services Administration","dotgov","Yes"
"gsaig.gov","gsaig.gov","https://www.gsaig.gov","General Services Administration","dotgov","No"
"gsaxcess.gov","gsaxcess.gov","https://gsaxcess.gov","General Services Administration","dotgov","Yes"
"hanford.gov","hanford.gov","https://www.hanford.gov","Department of Energy","dotgov","No"
"health.gov","health.gov","http://health.gov","Department of Health and Human Services","dotgov","Yes"
"healthcare.gov","healthcare.gov","https://www.healthcare.gov","Department of Health and Human Services","dotgov","Yes"
"healthdata.gov","healthdata.gov","https://healthdata.gov","Department of Health and Human Services","dotgov","Yes"
"healthit.gov","healthit.gov","https://www.healthit.gov","Department of Health and Human Services","dotgov","Yes"
"healthypeople.gov","healthypeople.gov","https://www.healthypeople.gov","Department of Health and Human Services","dotgov","Yes"
"helpwithmybank.gov","helpwithmybank.gov","https://helpwithmybank.gov","Department of the Treasury","dotgov","Yes"
"helpwithmycheckingaccount.gov","helpwithmycheckingaccount.gov","https://helpwithmycheckingaccount.gov","Department of the Treasury","dotgov","Yes"
"helpwithmycreditcard.gov","helpwithmycreditcard.gov","https://helpwithmycreditcard.gov","Department of the Treasury","dotgov","Yes"
"helpwithmycreditcardbank.gov","helpwithmycreditcardbank.gov","https://helpwithmycreditcardbank.gov","Department of the Treasury","dotgov","Yes"
"helpwithmymortgage.gov","helpwithmymortgage.gov","https://helpwithmymortgage.gov","Department of the Treasury","dotgov","Yes"
"helpwithmymortgagebank.gov","helpwithmymortgagebank.gov","https://helpwithmymortgagebank.gov","Department of the Treasury","dotgov","Yes"
"heritageabroad.gov","heritageabroad.gov","http://heritageabroad.gov","U.S. Commission for the Preservation of Americas Heritage Abroad","dotgov","No"
"hhs.gov","hhs.gov","https://www.hhs.gov","Department of Health and Human Services","dotgov","Yes"
"hirevets.gov","hirevets.gov","https://www.hirevets.gov","Department of Labor","dotgov","Yes"
"hiv.gov","hiv.gov","https://www.hiv.gov","Department of Health and Human Services","dotgov","Yes"
"hrsa.gov","hrsa.gov","https://www.hrsa.gov","Department of Health and Human Services","dotgov","Yes"
"hudoig.gov","hudoig.gov","https://hudoig.gov","Department of Housing and Urban Development","dotgov","No"
"huduser.gov","huduser.gov","http://huduser.gov","Department of Housing and Urban Development","dotgov","Yes"
"hydrogen.gov","hydrogen.gov","http://hydrogen.gov","Department of Energy","dotgov","Yes"
"iad.gov","iad.gov","https://www.iad.gov","Department of Defense","dotgov","No"
"iaf.gov","iaf.gov","https://www.iaf.gov","Inter-American Foundation","dotgov","No"
"iarpa-ideas.gov","iarpa-ideas.gov","http://iarpa-ideas.gov","Director of National Intelligence","dotgov","No"
"iarpa.gov","iarpa.gov","https://www.iarpa.gov","Director of National Intelligence","dotgov","No"
"iat.gov","iat.gov","https://www.iat.gov","Department of the Interior","dotgov","No"
"iawg.gov","iawg.gov","https://iawg.gov","Department of State","dotgov","Yes"
"ibwc.gov","ibwc.gov","https://ibwc.gov","Department of State","dotgov","Yes"
"ic3.gov","ic3.gov","https://www.ic3.gov","Department of Justice","dotgov","Yes"
"ice.gov","ice.gov","https://www.ice.gov","Department of Homeland Security","dotgov","Yes"
"identitytheft.gov","identitytheft.gov","https://identitytheft.gov","Federal Trade Commission","dotgov","Yes"
"idmanagement.gov","idmanagement.gov","https://www.idmanagement.gov","General Services Administration","dotgov","Yes"
"ignet.gov","ignet.gov","https://ignet.gov","Council of Inspectors General on Integrity and Efficiency","dotgov","No"
"ihs.gov","ihs.gov","https://www.ihs.gov","Department of Health and Human Services","dotgov","Yes"
"imls.gov","imls.gov","https://imls.gov","Institute of Museum and Library Services","dotgov","Yes"
"indianaffairs.gov","indianaffairs.gov","https://www.indianaffairs.gov","Department of the Interior","dotgov","Yes"
"inl.gov","inl.gov","https://inl.gov","Department of Energy","dotgov","No"
"innovation.gov","innovation.gov","https://innovation.gov","General Services Administration","dotgov","No"
"insurekidsnow.gov","insurekidsnow.gov","https://www.insurekidsnow.gov","Department of Health and Human Services","dotgov","Yes"
"integrity.gov","integrity.gov","http://integrity.gov","Office of Government Ethics","dotgov","Yes"
"intel.gov","intel.gov","https://www.intel.gov","Director of National Intelligence","dotgov","Yes"
"intelink.gov","intelink.gov","https://www.intelink.gov","Director of National Intelligence","dotgov","No"
"intelligence.gov","intelligence.gov","https://www.intelligence.gov","Director of National Intelligence","dotgov","Yes"
"intelligencecareers.gov","intelligencecareers.gov","https://www.intelligencecareers.gov","National Security Agency","dotgov","No"
"invasivespeciesinfo.gov","invasivespeciesinfo.gov","https://www.invasivespeciesinfo.gov","U.S. Department of Agriculture","dotgov","Yes"
"investor.gov","investor.gov","https://www.investor.gov","Securities and Exchange Commission","dotgov","No"
"ipp.gov","ipp.gov","https://www.ipp.gov","Department of the Treasury","dotgov","Yes"
"iprcenter.gov","iprcenter.gov","https://www.iprcenter.gov","Department of Justice","dotgov","No"
"irs.gov","irs.gov","https://www.irs.gov","Department of the Treasury","dotgov","Yes"
"irsvideos.gov","irsvideos.gov","https://www.irsvideos.gov","Department of the Treasury","dotgov","No"
"isotope.gov","isotope.gov","https://isotope.gov","Department of Energy","dotgov","No"
"isotopes.gov","isotopes.gov","https://isotopes.gov","Department of Energy","dotgov","No"
"itap.gov","itap.gov","https://www.itap.gov","U.S. Department of Agriculture","dotgov","Yes"
"itdashboard.gov","itdashboard.gov","https://itdashboard.gov","General Services Administration","dotgov","No"
"itis.gov","itis.gov","https://itis.gov","Smithsonian Institution","dotgov","Yes"
"itrd.gov","itrd.gov","http://www.itrd.gov","Networking Information Technology Research and Development","dotgov","Yes"
"its.gov","its.gov","https://www.its.gov","Department of the Treasury","dotgov","Yes"
"jamesmadison.gov","jamesmadison.gov","https://www.jamesmadison.gov","James Madison Memorial Fellowship Foundation","dotgov","No"
"jccs.gov","jccs.gov","https://www.jccs.gov","Department of Defense","dotgov","No"
"jem.gov","jem.gov","https://jem.gov","Department of the Interior","dotgov","No"
"jimmycarterlibrary.gov","jimmycarterlibrary.gov","https://jimmycarterlibrary.gov","National Archives and Records Administration","dotgov","Yes"
"jobcorps.gov","jobcorps.gov","https://www.jobcorps.gov","Department of Labor","dotgov","Yes"
"jusfc.gov","jusfc.gov","http://jusfc.gov","Japan-US Friendship Commision","dotgov","No"
"justice.gov","justice.gov","https://www.justice.gov","Department of Justice","dotgov","Yes"
"justthinktwice.gov","justthinktwice.gov","https://www.justthinktwice.gov","Department of Justice","dotgov","Yes"
"juvenilecouncil.gov","juvenilecouncil.gov","https://www.juvenilecouncil.gov","Department of Justice","dotgov","Yes"
"jwod.gov","jwod.gov","https://jwod.gov","United States AbilityOne","dotgov","No"
"lacoast.gov","lacoast.gov","https://www.lacoast.gov","Department of the Interior","dotgov","No"
"landfire.gov","landfire.gov","https://landfire.gov","Department of the Interior","dotgov","No"
"landimaging.gov","landimaging.gov","https://landimaging.gov","Department of the Interior","dotgov","No"
"lanl.gov","lanl.gov","https://lanl.gov","Department of Energy","dotgov","No"
"lbl.gov","lbl.gov","https://www.lbl.gov","Department of Energy","dotgov","No"
"lca.gov","lca.gov","https://lca.gov","Department of the Interior","dotgov","No"
"lcacommons.gov","lcacommons.gov","https://www.lcacommons.gov","U.S. Department of Agriculture","dotgov","Yes"
"lcrmscp.gov","lcrmscp.gov","https://lcrmscp.gov","Department of the Interior","dotgov","Yes"
"lep.gov","lep.gov","http://www.lep.gov","Department of Justice","dotgov","Yes"
"listo.gov","listo.gov","https://www.listo.gov","Department of Homeland Security","dotgov","Yes"
"llnl.gov","llnl.gov","https://www.llnl.gov","Department of Energy","dotgov","No"
"lmvsci.gov","lmvsci.gov","https://lmvsci.gov","Department of the Interior","dotgov","No"
"locatorplus.gov","locatorplus.gov","https://locatorplus.gov","Department of Health and Human Services","dotgov","Yes"
"login.gov","login.gov","https://login.gov","General Services Administration","dotgov","Yes"
"lps.gov","lps.gov","http://www.lps.gov","National Security Agency","dotgov","No"
"lsc.gov","lsc.gov","https://www.lsc.gov","Legal Services Corporation","dotgov","No"
"luca-appeals.gov","luca-appeals.gov","https://luca-appeals.gov","Department of Commerce","dotgov","No"
"makinghomeaffordable.gov","makinghomeaffordable.gov","https://www.makinghomeaffordable.gov","Department of the Treasury","dotgov","No"
"malwareinvestigator.gov","malwareinvestigator.gov","https://malwareinvestigator.gov","Department of Justice","dotgov","No"
"manufacturing.gov","manufacturing.gov","https://www.manufacturing.gov","Department of Commerce","dotgov","Yes"
"marinecadastre.gov","marinecadastre.gov","https://marinecadastre.gov","Department of Commerce","dotgov","Yes"
"max.gov","max.gov","https://max.gov","Executive Office of the President","dotgov","No"
"mbda.gov","mbda.gov","https://www.mbda.gov","Department of Commerce","dotgov","Yes"
"mcc.gov","mcc.gov","https://www.mcc.gov","Millennium Challenge Corporation","dotgov","Yes"
"medicaid.gov","medicaid.gov","https://www.medicaid.gov","Department of Health and Human Services","dotgov","Yes"
"medicalcountermeasures.gov","medicalcountermeasures.gov","http://medicalcountermeasures.gov","Department of Health and Human Services","dotgov","Yes"
"medicare.gov","medicare.gov","https://www.medicare.gov","Department of Health and Human Services","dotgov","Yes"
"medlineplus.gov","medlineplus.gov","https://medlineplus.gov","Department of Health and Human Services","dotgov","Yes"
"mentalhealth.gov","mentalhealth.gov","https://www.mentalhealth.gov","Department of Health and Human Services","dotgov","Yes"
"mgi.gov","mgi.gov","https://mgi.gov","Department of Commerce","dotgov","Yes"
"militaryaviationsafety.gov","militaryaviationsafety.gov","http://militaryaviationsafety.gov","National Commission on Military Aviation Safety","dotgov","No"
"militaryconsumer.gov","militaryconsumer.gov","https://www.militaryconsumer.gov","Federal Trade Commission","dotgov","Yes"
"mimm.gov","mimm.gov","https://www.mimm.gov","Consumer Financial Protection Bureau","dotgov","No"
"mitigationcommission.gov","mitigationcommission.gov","https://mitigationcommission.gov","Department of the Interior","dotgov","Yes"
"mmc.gov","mmc.gov","https://www.mmc.gov","Marine Mammal Commission","dotgov","No"
"mojavedata.gov","mojavedata.gov","https://mojavedata.gov","Department of Defense","dotgov","No"
"moneyfactory.gov","moneyfactory.gov","https://moneyfactory.gov","Department of the Treasury","dotgov","Yes"
"mrlc.gov","mrlc.gov","https://www.mrlc.gov","Department of the Interior","dotgov","No"
"msha.gov","msha.gov","https://www.msha.gov","Department of Labor","dotgov","Yes"
"mspb.gov","mspb.gov","https://www.mspb.gov","Merit Systems Protection Board","dotgov","Yes"
"mtbs.gov","mtbs.gov","https://mtbs.gov","U.S. Department of Agriculture","dotgov","No"
"mycreditunion.gov","mycreditunion.gov","https://www.mycreditunion.gov","National Credit Union Administration","dotgov","No"
"myira.gov","myira.gov","https://myira.gov","Department of the Treasury","dotgov","Yes"
"mymedicare.gov","mymedicare.gov","https://www.mymedicare.gov","Department of Health and Human Services","dotgov","Yes"
"mymoney.gov","mymoney.gov","https://www.mymoney.gov","Department of the Treasury","dotgov","Yes"
"myra.gov","myra.gov","https://myra.gov","Department of the Treasury","dotgov","Yes"
"nafri.gov","nafri.gov","https://nafri.gov","U.S. Department of Agriculture","dotgov","Yes"
"nagb.gov","nagb.gov","https://www.nagb.gov","Department of Education","dotgov","Yes"
"namus.gov","namus.gov","https://www.namus.gov","Department of Justice","dotgov","No"
"nano.gov","nano.gov","https://www.nano.gov","National Nanotechnology Coordination Office","dotgov","No"
"nasa.gov","nasa.gov","https://www.nasa.gov","National Aeronautics and Space Administration","dotgov","Yes"
"nationalbankhelp.gov","nationalbankhelp.gov","https://nationalbankhelp.gov","Department of the Treasury","dotgov","Yes"
"nationalgangcenter.gov","nationalgangcenter.gov","https://www.nationalgangcenter.gov","Department of Justice","dotgov","Yes"
"nationalresourcedirectory.gov","nationalresourcedirectory.gov","https://nationalresourcedirectory.gov","Department of Defense","dotgov","Yes"
"nationalservice.gov","nationalservice.gov","https://nationalservice.gov","Corporation for National & Community Service","dotgov","Yes"
"nationsreportcard.gov","nationsreportcard.gov","https://www.nationsreportcard.gov","Department of Education","dotgov","Yes"
"nbrc.gov","nbrc.gov","http://www.nbrc.gov","Northern Border Regional Commission","dotgov","Yes"
"ncd.gov","ncd.gov","https://ncd.gov","National Council on Disability","dotgov","No"
"ncirc.gov","ncirc.gov","https://www.ncirc.gov","Department of Justice","dotgov","Yes"
"ncjrs.gov","ncjrs.gov","https://www.ncjrs.gov","Department of Justice","dotgov","Yes"
"ncpc.gov","ncpc.gov","https://ncpc.gov","National Capital Planning Commission","dotgov","Yes"
"ncrc.gov","ncrc.gov","https://ncrc.gov","Department of Energy","dotgov","No"
"ncua.gov","ncua.gov","https://www.ncua.gov","National Credit Union Administration","dotgov","No"
"neh.gov","neh.gov","https://www.neh.gov","National Endowment for the Humanities","dotgov","Yes"
"nehrp.gov","nehrp.gov","https://nehrp.gov","Department of Commerce","dotgov","Yes"
"nemi.gov","nemi.gov","https://www.nemi.gov","Department of the Interior","dotgov","No"
"nersc.gov","nersc.gov","https://www.nersc.gov","Department of Energy","dotgov","No"
"nfpors.gov","nfpors.gov","https://www.nfpors.gov","Department of the Interior","dotgov","No"
"nga.gov","nga.gov","https://www.nga.gov","National Gallery of Art","dotgov","No"
"nhtsa.gov","nhtsa.gov","https://www.nhtsa.gov","Department of Transportation","dotgov","Yes"
"nicic.gov","nicic.gov","https://nicic.gov","Department of Justice","dotgov","No"
"nicsezcheckfbi.gov","nicsezcheckfbi.gov","https://nicsezcheckfbi.gov","Department of Justice","dotgov","Yes"
"niem.gov","niem.gov","https://www.niem.gov","Department of Homeland Security","dotgov","Yes"
"nifc.gov","nifc.gov","https://www.nifc.gov","Department of the Interior","dotgov","No"
"nigc.gov","nigc.gov","https://www.nigc.gov","National Indian Gaming Commission","dotgov","No"
"nih.gov","nih.gov","https://www.nih.gov","Department of Health and Human Services","dotgov","Yes"
"niosh.gov","niosh.gov","http://www.niosh.gov","Department of Health and Human Services","dotgov","No"
"nist.gov","nist.gov","https://www.nist.gov","Department of Commerce","dotgov","Yes"
"nitrd.gov","nitrd.gov","https://nitrd.gov","Networking Information Technology Research and Development","dotgov","Yes"
"nixonlibrary.gov","nixonlibrary.gov","https://www.nixonlibrary.gov","National Archives and Records Administration","dotgov","Yes"
"nlrb.gov","nlrb.gov","https://nlrb.gov","National Labor Relations Board","dotgov","Yes"
"nmb.gov","nmb.gov","https://nmb.gov","National Mediation Board","dotgov","No"
"nnlm.gov","nnlm.gov","https://nnlm.gov","Department of Health and Human Services","dotgov","No"
"nnss.gov","nnss.gov","http://nnss.gov","National Nuclear Security Administration","dotgov","No"
"noaa.gov","noaa.gov","https://www.noaa.gov","Department of Commerce","dotgov","No"
"nps.gov","nps.gov","https://www.nps.gov","Department of the Interior","dotgov","Yes"
"nrc-gateway.gov","nrc-gateway.gov","https://www.nrc-gateway.gov","Nuclear Regulatory Commission","dotgov","No"
"nrc.gov","nrc.gov","https://www.nrc.gov","Nuclear Regulatory Commission","dotgov","Yes"
"nrd.gov","nrd.gov","https://nrd.gov","Department of Defense","dotgov","Yes"
"nrel.gov","nrel.gov","https://www.nrel.gov","Department of Energy","dotgov","No"
"nro.gov","nro.gov","https://www.nro.gov","Department of Defense","dotgov","Yes"
"nsa.gov","nsa.gov","https://www.nsa.gov","Department of Defense","dotgov","Yes"
"nscai.gov","nscai.gov","https://www.nscai.gov","National Security Commission on Artificial Intelligence","dotgov","No"
"nsep.gov","nsep.gov","https://nsep.gov","Department of Defense","dotgov","Yes"
"nsf.gov","nsf.gov","https://nsf.gov","National Science Foundation","dotgov","Yes"
"nsopw.gov","nsopw.gov","https://www.nsopw.gov","Department of Justice","dotgov","Yes"
"ntia.gov","ntia.gov","https://www.ntia.gov","Department of Commerce","dotgov","Yes"
"ntis.gov","ntis.gov","https://ntis.gov","Department of Commerce","dotgov","Yes"
"ntsb.gov","ntsb.gov","http://ntsb.gov","National Transportation Safety Board","dotgov","No"
"nutrition.gov","nutrition.gov","https://www.nutrition.gov","U.S. Department of Agriculture","dotgov","Yes"
"nwbc.gov","nwbc.gov","https://www.nwbc.gov","Small Business Administration","dotgov","No"
"nwcg.gov","nwcg.gov","https://www.nwcg.gov","U.S. Department of Agriculture","dotgov","No"
"nwtrb.gov","nwtrb.gov","https://nwtrb.gov","U.S. Nuclear Waste Technical Review Board","dotgov","No"
"obamalibrary.gov","obamalibrary.gov","https://www.obamalibrary.gov","National Archives and Records Administration","dotgov","Yes"
"occ.gov","occ.gov","https://occ.gov","Department of the Treasury","dotgov","Yes"
"occhelps.gov","occhelps.gov","https://occhelps.gov","Department of the Treasury","dotgov","Yes"
"odni.gov","odni.gov","https://www.odni.gov","Director of National Intelligence","dotgov","Yes"
"oea.gov","oea.gov","https://oea.gov","Department of Defense","dotgov","Yes"
"ofcm.gov","ofcm.gov","https://www.ofcm.gov","Department of Commerce","dotgov","No"
"ofda.gov","ofda.gov","https://www.ofda.gov","U.S. Agency for International Development","dotgov","No"
"oge.gov","oge.gov","https://oge.gov","Office of Government Ethics","dotgov","Yes"
"ojp.gov","ojp.gov","https://www.ojp.gov","Department of Justice","dotgov","Yes"
"onrr.gov","onrr.gov","https://www.onrr.gov","Department of the Interior","dotgov","Yes"
"opic.gov","opic.gov","https://www.opic.gov","United States International Development Finance Corporation","dotgov","No"
"opm.gov","opm.gov","https://www.opm.gov","Office of Personnel Management","dotgov","Yes"
"orau.gov","orau.gov","https://orau.gov","Department of Energy","dotgov","No"
"organdonor.gov","organdonor.gov","https://www.organdonor.gov","Department of Health and Human Services","dotgov","Yes"
"ornl.gov","ornl.gov","https://www.ornl.gov","Department of Energy","dotgov","No"
"osac.gov","osac.gov","https://www.osac.gov","Department of State","dotgov","Yes"
"osc.gov","osc.gov","https://osc.gov","U.S. Office of Special Counsel","dotgov","No"
"osdls.gov","osdls.gov","https://osdls.gov","GOV Domain OPS","dotgov","No"
"osha.gov","osha.gov","https://www.osha.gov","Department of Labor","dotgov","Yes"
"oshrc.gov","oshrc.gov","https://www.oshrc.gov","Occupational Safety & Health Review Commission","dotgov","No"
"osmre.gov","osmre.gov","https://www.osmre.gov","Department of the Interior","dotgov","Yes"
"osti.gov","osti.gov","https://www.osti.gov","Department of Energy","dotgov","Yes"
"ots.gov","ots.gov","https://ots.gov","Department of the Treasury","dotgov","Yes"
"ourdocuments.gov","ourdocuments.gov","https://www.ourdocuments.gov","National Archives and Records Administration","dotgov","Yes"
"ovc.gov","ovc.gov","https://www.ovc.gov","Department of Justice","dotgov","Yes"
"ovcttac.gov","ovcttac.gov","https://www.ovcttac.gov","Department of Justice","dotgov","Yes"
"oversight.gov","oversight.gov","https://oversight.gov","Council of Inspectors General on Integrity and Efficiency","dotgov","No"
"papahanaumokuakea.gov","papahanaumokuakea.gov","https://www.papahanaumokuakea.gov","Department of Commerce","dotgov","Yes"
"patriotbonds.gov","patriotbonds.gov","https://patriotbonds.gov","Department of the Treasury","dotgov","Yes"
"pay.gov","pay.gov","https://pay.gov","Department of the Treasury","dotgov","Yes"
"paymentaccuracy.gov","paymentaccuracy.gov","https://paymentaccuracy.gov","Executive Office of the President","dotgov","Yes"
"pbgc.gov","pbgc.gov","https://www.pbgc.gov","Pension Benefit Guaranty Corporation","dotgov","Yes"
"pbrb.gov","pbrb.gov","https://www.pbrb.gov","Public Buildings Reform Board","dotgov","Yes"
"pclob.gov","pclob.gov","https://www.pclob.gov","Privacy and Civil Liberties Oversight Board","dotgov","Yes"
"peacecorps.gov","peacecorps.gov","https://www.peacecorps.gov","U.S. Peace Corps","dotgov","Yes"
"performance.gov","performance.gov","https://www.performance.gov","General Services Administration","dotgov","Yes"
"phe.gov","phe.gov","https://www.phe.gov","Department of Health and Human Services","dotgov","No"
"pic.gov","pic.gov","https://www.pic.gov","General Services Administration","dotgov","Yes"
"plainlanguage.gov","plainlanguage.gov","https://plainlanguage.gov","General Services Administration","dotgov","Yes"
"pmf.gov","pmf.gov","https://pmf.gov","Office of Personnel Management","dotgov","Yes"
"pnnl.gov","pnnl.gov","https://www.pnnl.gov","Department of Energy","dotgov","No"
"poolsafely.gov","poolsafely.gov","https://www.poolsafely.gov","Consumer Product Safety Commission","dotgov","Yes"
"pppl.gov","pppl.gov","https://www.pppl.gov","Department of Energy","dotgov","Yes"
"prc.gov","prc.gov","https://www.prc.gov","Postal Regulatory Commission","dotgov","No"
"presidentialinnovationfellows.gov","presidentialinnovationfellows.gov","https://presidentialinnovationfellows.gov","General Services Administration","dotgov","Yes"
"presidentialserviceawards.gov","presidentialserviceawards.gov","https://www.presidentialserviceawards.gov","Corporation for National & Community Service","dotgov","No"
"presidio.gov","presidio.gov","https://www.presidio.gov","Presidio Trust","dotgov","No"
"pretrialservices.gov","pretrialservices.gov","https://pretrialservices.gov","Court Services and Offender Supervision","dotgov","No"
"privacyshield.gov","privacyshield.gov","https://www.privacyshield.gov","Department of Commerce","dotgov","Yes"
"psa.gov","psa.gov","https://psa.gov","Court Services and Offender Supervision","dotgov","No"
"psc.gov","psc.gov","https://psc.gov","Department of Health and Human Services","dotgov","No"
"qatesttwai.gov","qatesttwai.gov","https://qatesttwai.gov","Department of the Treasury","dotgov","No"
"rcfl.gov","rcfl.gov","https://www.rcfl.gov","Department of Justice","dotgov","No"
"ready.gov","ready.gov","https://www.ready.gov","Department of Homeland Security","dotgov","Yes"
"reaganlibrary.gov","reaganlibrary.gov","https://www.reaganlibrary.gov","National Archives and Records Administration","dotgov","Yes"
"realestatesales.gov","realestatesales.gov","https://realestatesales.gov","General Services Administration","dotgov","Yes"
"realpropertyprofile.gov","realpropertyprofile.gov","https://www.realpropertyprofile.gov","General Services Administration","dotgov","Yes"
"recalls.gov","recalls.gov","https://recalls.gov","Consumer Product Safety Commission","dotgov","No"
"recoverymonth.gov","recoverymonth.gov","http://www.recoverymonth.gov","Department of Health and Human Services","dotgov","Yes"
"recreation.gov","recreation.gov","https://www.recreation.gov","U.S. Department of Agriculture","dotgov","Yes"
"reginfo.gov","reginfo.gov","https://www.reginfo.gov","General Services Administration","dotgov","Yes"
"regulations.gov","regulations.gov","https://www.regulations.gov","General Services Administration","dotgov","Yes"
"reporting.gov","reporting.gov","https://www.reporting.gov","General Services Administration","dotgov","Yes"
"research.gov","research.gov","https://www.research.gov","National Science Foundation","dotgov","Yes"
"restorethegulf.gov","restorethegulf.gov","https://restorethegulf.gov","Gulf Coast Ecosystem Restoration Council","dotgov","No"
"rivers.gov","rivers.gov","https://rivers.gov","Department of the Interior","dotgov","No"
"robodeidentidad.gov","robodeidentidad.gov","https://robodeidentidad.gov","Federal Trade Commission","dotgov","Yes"
"rocis.gov","rocis.gov","https://www.rocis.gov","General Services Administration","dotgov","Yes"
"rrb.gov","rrb.gov","https://rrb.gov","Railroad Retirement Board","dotgov","Yes"
"sac.gov","sac.gov","https://sac.gov","National Science Foundation","dotgov","Yes"
"safecar.gov","safecar.gov","https://www.safecar.gov","Department of Transportation","dotgov","No"
"safecom.gov","safecom.gov","https://safecom.gov","Department of the Interior","dotgov","No"
"safeocs.gov","safeocs.gov","https://safeocs.gov","Department of Transportation","dotgov","Yes"
"safercar.gov","safercar.gov","https://www.safercar.gov","Department of Transportation","dotgov","No"
"saferproducts.gov","saferproducts.gov","https://saferproducts.gov","Consumer Product Safety Commission","dotgov","Yes"
"safertruck.gov","safertruck.gov","https://www.safertruck.gov","Department of Transportation","dotgov","No"
"safetyact.gov","safetyact.gov","https://safetyact.gov","Department of Homeland Security","dotgov","Yes"
"salmonrecovery.gov","salmonrecovery.gov","https://www.salmonrecovery.gov","Department of Energy","dotgov","No"
"sam.gov","sam.gov","https://sam.gov","General Services Administration","dotgov","Yes"
"samhsa.gov","samhsa.gov","https://www.samhsa.gov","Department of Health and Human Services","dotgov","Yes"
"sandia.gov","sandia.gov","https://sandia.gov","Department of Energy","dotgov","Yes"
"savingsbond.gov","savingsbond.gov","https://savingsbond.gov","Department of the Treasury","dotgov","Yes"
"savingsbonds.gov","savingsbonds.gov","https://savingsbonds.gov","Department of the Treasury","dotgov","Yes"
"savingsbondwizard.gov","savingsbondwizard.gov","https://savingsbondwizard.gov","Department of the Treasury","dotgov","Yes"
"sba.gov","sba.gov","https://www.sba.gov","Small Business Administration","dotgov","Yes"
"sbir.gov","sbir.gov","https://www.sbir.gov","Small Business Administration","dotgov","Yes"
"sbst.gov","sbst.gov","https://sbst.gov","General Services Administration","dotgov","Yes"
"schoolsafety.gov","schoolsafety.gov","https://www.schoolsafety.gov","Department of Homeland Security","dotgov","Yes"
"scidac.gov","scidac.gov","https://scidac.gov","Department of Energy","dotgov","No"
"science.gov","science.gov","https://www.science.gov","Department of Energy","dotgov","No"
"sciencebase.gov","sciencebase.gov","https://www.sciencebase.gov","Department of the Interior","dotgov","Yes"
"scijinks.gov","scijinks.gov","https://scijinks.gov","National Aeronautics and Space Administration","dotgov","Yes"
"sdr.gov","sdr.gov","https://www.sdr.gov","Department of Commerce","dotgov","Yes"
"search.gov","search.gov","https://search.gov","General Services Administration","dotgov","Yes"
"sec.gov","sec.gov","https://www.sec.gov","Securities and Exchange Commission","dotgov","Yes"
"secretservice.gov","secretservice.gov","https://www.secretservice.gov","Department of Homeland Security","dotgov","Yes"
"section508.gov","section508.gov","https://section508.gov","General Services Administration","dotgov","Yes"
"selectagents.gov","selectagents.gov","https://www.selectagents.gov","Department of Health and Human Services","dotgov","No"
"selectusa.gov","selectusa.gov","https://www.selectusa.gov","Department of Commerce","dotgov","Yes"
"sftool.gov","sftool.gov","https://sftool.gov","General Services Administration","dotgov","Yes"
"sierrawild.gov","sierrawild.gov","https://www.sierrawild.gov","Department of the Interior","dotgov","Yes"
"sigtarp.gov","sigtarp.gov","https://www.sigtarp.gov","Department of the Treasury","dotgov","Yes"
"siteidiq.gov","siteidiq.gov","https://www.siteidiq.gov","Department of Defense","dotgov","No"
"sji.gov","sji.gov","https://www.sji.gov","State Justice Institute","dotgov","No"
"slgs.gov","slgs.gov","https://slgs.gov","Department of the Treasury","dotgov","Yes"
"smart.gov","smart.gov","https://smart.gov","Department of Justice","dotgov","Yes"
"smartgrid.gov","smartgrid.gov","https://smartgrid.gov","Department of Energy","dotgov","No"
"smokefree.gov","smokefree.gov","https://smokefree.gov","Department of Health and Human Services","dotgov","Yes"
"sns.gov","sns.gov","https://sns.gov","Department of Energy","dotgov","No"
"solardecathlon.gov","solardecathlon.gov","https://www.solardecathlon.gov","Department of Energy","dotgov","No"
"srs.gov","srs.gov","https://www.srs.gov","Department of Energy","dotgov","No"
"ssa.gov","ssa.gov","https://www.ssa.gov","Social Security Administration","dotgov","Yes"
"ssab.gov","ssab.gov","https://www.ssab.gov","Social Security Advisory Board","dotgov","No"
"sss.gov","sss.gov","https://www.sss.gov","Selective Service System","dotgov","No"
"state.gov","state.gov","https://www.state.gov","Department of State","dotgov","Yes"
"stateoig.gov","stateoig.gov","https://www.stateoig.gov","Department of State, Office of Inspector General","dotgov","No"
"stopalcoholabuse.gov","stopalcoholabuse.gov","https://www.stopalcoholabuse.gov","Department of Health and Human Services","dotgov","No"
"stopbullying.gov","stopbullying.gov","https://www.stopbullying.gov","Department of Health and Human Services","dotgov","Yes"
"stopfakes.gov","stopfakes.gov","https://www.stopfakes.gov","Department of Commerce","dotgov","Yes"
"studentaid.gov","studentaid.gov","https://studentaid.gov","Department of Education","dotgov","Yes"
"sustainability.gov","sustainability.gov","https://www.sustainability.gov","Environmental Protection Agency","dotgov","Yes"
"sworm.gov","sworm.gov","https://www.sworm.gov","Department of Commerce","dotgov","No"
"swpa.gov","swpa.gov","https://swpa.gov","Department of Energy","dotgov","Yes"
"symbols.gov","symbols.gov","https://symbols.gov","U.S. Department of Agriculture","dotgov","Yes"
"taaps.gov","taaps.gov","https://taaps.gov","Department of the Treasury","dotgov","Yes"
"tax.gov","tax.gov","https://www.tax.gov","Department of the Treasury","dotgov","No"
"telework.gov","telework.gov","https://telework.gov","Office of Personnel Management","dotgov","Yes"
"thecoolspot.gov","thecoolspot.gov","https://www.thecoolspot.gov","Department of Health and Human Services","dotgov","No"
"time.gov","time.gov","https://time.gov","Department of Commerce","dotgov","Yes"
"tox21.gov","tox21.gov","https://tox21.gov","Department of Health and Human Services","dotgov","Yes"
"trade.gov","trade.gov","https://www.trade.gov","Department of Commerce","dotgov","Yes"
"trafficsafetymarketing.gov","trafficsafetymarketing.gov","https://www.trafficsafetymarketing.gov","Department of Transportation","dotgov","Yes"
"transportation.gov","transportation.gov","https://www.transportation.gov","Department of Transportation","dotgov","Yes"
"treaslockbox.gov","treaslockbox.gov","https://treaslockbox.gov","Department of the Treasury","dotgov","No"
"treasury.gov","treasury.gov","https://www.treasury.gov","Department of the Treasury","dotgov","Yes"
"treasuryauctions.gov","treasuryauctions.gov","https://treasuryauctions.gov","Department of the Treasury","dotgov","Yes"
"treasurydirect.gov","treasurydirect.gov","https://treasurydirect.gov","Department of the Treasury","dotgov","Yes"
"treasuryhunt.gov","treasuryhunt.gov","https://treasuryhunt.gov","Department of the Treasury","dotgov","Yes"
"treasuryscams.gov","treasuryscams.gov","https://treasuryscams.gov","Department of the Treasury","dotgov","Yes"
"truman.gov","truman.gov","https://truman.gov","Harry S. Truman Scholarship Foundation","dotgov","No"
"trumanlibrary.gov","trumanlibrary.gov","https://www.trumanlibrary.gov","National Archives and Records Administration","dotgov","Yes"
"tsa.gov","tsa.gov","https://www.tsa.gov","Department of Homeland Security","dotgov","Yes"
"tsp.gov","tsp.gov","https://www.tsp.gov","Federal Retirement Thrift Investment Board","dotgov","No"
"tsunami.gov","tsunami.gov","https://tsunami.gov","Department of Commerce","dotgov","Yes"
"tswg.gov","tswg.gov","https://tswg.gov","Department of Defense","dotgov","Yes"
"ttb.gov","ttb.gov","https://www.ttb.gov","Department of the Treasury","dotgov","No"
"ttbonline.gov","ttbonline.gov","https://ttbonline.gov","Department of the Treasury","dotgov","Yes"
"ucrdatatool.gov","ucrdatatool.gov","http://ucrdatatool.gov","Department of Justice","dotgov","No"
"udall.gov","udall.gov","https://udall.gov","Morris K. Udall and Stewart L. Udall Foundation","dotgov","No"
"unicor.gov","unicor.gov","https://unicor.gov","Department of Justice","dotgov","Yes"
"unlocktalent.gov","unlocktalent.gov","https://unlocktalent.gov","Office of Personnel Management","dotgov","Yes"
"us-cert.gov","us-cert.gov","https://www.us-cert.gov","Department of Homeland Security","dotgov","Yes"
"usa.gov","usa.gov","https://www.usa.gov","General Services Administration","dotgov","Yes"
"usability.gov","usability.gov","https://www.usability.gov","Department of Health and Human Services","dotgov","Yes"
"usadf.gov","usadf.gov","https://www.usadf.gov","United States African Development Foundation","dotgov","No"
"usagm.gov","usagm.gov","https://www.usagm.gov","Broadcasting Board of Governors","dotgov","Yes"
"usaid.gov","usaid.gov","https://usaid.gov","U.S. Agency for International Development","dotgov","Yes"
"usajobs.gov","usajobs.gov","https://www.usajobs.gov","Office of Personnel Management","dotgov","Yes"
"usalearning.gov","usalearning.gov","https://usalearning.gov","Office of Personnel Management","dotgov","No"
"usap.gov","usap.gov","https://www.usap.gov","National Science Foundation","dotgov","Yes"
"usaspending.gov","usaspending.gov","https://www.usaspending.gov","Department of the Treasury","dotgov","Yes"
"usastaffing.gov","usastaffing.gov","https://usastaffing.gov","Office of Personnel Management","dotgov","Yes"
"usbr.gov","usbr.gov","https://usbr.gov","Department of the Interior","dotgov","Yes"
"usccr.gov","usccr.gov","https://www.usccr.gov","U.S. Commission on Civil Rights","dotgov","Yes"
"uscirf.gov","uscirf.gov","https://www.uscirf.gov","U.S. Commission on International Religious Freedom","dotgov","Yes"
"uscis.gov","uscis.gov","https://www.uscis.gov","Department of Homeland Security","dotgov","Yes"
"uscurrency.gov","uscurrency.gov","https://www.uscurrency.gov","Federal Reserve Board of Governors","dotgov","No"
"usda.gov","usda.gov","https://www.usda.gov","U.S. Department of Agriculture","dotgov","Yes"
"usdebitcard.gov","usdebitcard.gov","https://www.usdebitcard.gov","Department of the Treasury","dotgov","Yes"
"usds.gov","usds.gov","https://www.usds.gov","Executive Office of the President","dotgov","No"
"usembassy.gov","usembassy.gov","https://www.usembassy.gov","Department of State","dotgov","Yes"
"usgs.gov","usgs.gov","https://www.usgs.gov","Department of the Interior","dotgov","Yes"
"usich.gov","usich.gov","https://www.usich.gov","United States Interagency Council on Homelessness","dotgov","No"
"usitc.gov","usitc.gov","https://usitc.gov","United States International Trade Commission","dotgov","Yes"
"usmarshals.gov","usmarshals.gov","https://www.usmarshals.gov","Department of Justice","dotgov","Yes"
"usmint.gov","usmint.gov","https://www.usmint.gov","Department of the Treasury","dotgov","Yes"
"usphs.gov","usphs.gov","https://usphs.gov","Department of Health and Human Services","dotgov","No"
"uspis.gov","uspis.gov","https://www.uspis.gov","United States Postal Service","dotgov","No"
"uspsoig.gov","uspsoig.gov","https://www.uspsoig.gov","United States Postal Service, Office of Inspector General","dotgov","No"
"uspto.gov","uspto.gov","https://www.uspto.gov","Department of Commerce","dotgov","Yes"
"ustda.gov","ustda.gov","https://ustda.gov","United States Trade and Development Agency","dotgov","Yes"
"ustr.gov","ustr.gov","https://ustr.gov","Executive Office of the President","dotgov","No"
"utahfireinfo.gov","utahfireinfo.gov","https://utahfireinfo.gov","Department of the Interior","dotgov","No"
"va.gov","va.gov","https://www.va.gov","Department of Veterans Affairs","dotgov","Yes"
"vaccines.gov","vaccines.gov","https://www.vaccines.gov","Department of Health and Human Services","dotgov","Yes"
"vcf.gov","vcf.gov","http://www.vcf.gov","Department of Justice","dotgov","Yes"
"veterans.gov","veterans.gov","https://www.veterans.gov","Department of Labor","dotgov","Yes"
"vistacampus.gov","vistacampus.gov","https://vistacampus.gov","Corporation for National & Community Service","dotgov","Yes"
"volcano.gov","volcano.gov","https://volcano.gov","Department of the Interior","dotgov","Yes"
"volunteer.gov","volunteer.gov","https://www.volunteer.gov","Department of the Interior","dotgov","Yes"
"vote.gov","vote.gov","https://vote.gov","General Services Administration","dotgov","Yes"
"wapa.gov","wapa.gov","https://www.wapa.gov","Department of Energy","dotgov","No"
"watermonitor.gov","watermonitor.gov","https://watermonitor.gov","Department of the Interior","dotgov","No"
"weather.gov","weather.gov","https://www.weather.gov","Department of Commerce","dotgov","Yes"
"webharvest.gov","webharvest.gov","https://www.webharvest.gov","National Archives and Records Administration","dotgov","Yes"
"whistleblower.gov","whistleblower.gov","https://whistleblower.gov","Commodity Futures Trading Commission","dotgov","Yes"
"whistleblowers.gov","whistleblowers.gov","https://www.whistleblowers.gov","Department of Labor","dotgov","Yes"
"whitehouse.gov","whitehouse.gov","https://www.whitehouse.gov","Executive Office of the President","dotgov","Yes"
"whitehouseconferenceonaging.gov","whitehouseconferenceonaging.gov","https://whitehouseconferenceonaging.gov","Department of Health and Human Services","dotgov","No"
"wizard.gov","wizard.gov","https://wizard.gov","Department of the Treasury","dotgov","Yes"
"wlci.gov","wlci.gov","https://www.wlci.gov","Department of the Interior","dotgov","Yes"
"womenshealth.gov","womenshealth.gov","https://www.womenshealth.gov","Department of Health and Human Services","dotgov","Yes"
"worker.gov","worker.gov","https://www.worker.gov","Department of Labor","dotgov","Yes"
"workplace.gov","workplace.gov","https://www.workplace.gov","Department of the Treasury","dotgov","No"
"wrp.gov","wrp.gov","https://www.wrp.gov","Department of Labor","dotgov","No"
"xd.gov","xd.gov","https://www.xd.gov","Department of Commerce","dotgov","No"
"youth.gov","youth.gov","https://youth.gov","Department of Health and Human Services","dotgov","No"
"youthrules.gov","youthrules.gov","https://www.youthrules.gov","Department of Labor","dotgov","Yes"
